requirement,n_seeds,n_train_images,n_generated_images_per_seed,pass_rate_mean,pass_rate_std,pass_rate_min,pass_rate_max,paper_lr_pass_rate,delta_mean_vs_paper_lr,failure_count_mean,nearest_train_mse_mean,nearest_train_mse_min,exact_train_matches_total,train_seconds_total
M1,3,100,100,1.000000,0.000000,1.000000,1.000000,0.999000,+0.001000,0.000,0.001738,0.000720,0,129.23
M2,3,100,100,0.963333,0.015275,0.950000,0.980000,0.977000,-0.013667,3.667,0.002047,0.000744,0,129.23
M3,3,100,100,0.716667,0.058595,0.650000,0.760000,0.724000,-0.007333,28.333,0.001795,0.000718,0,129.23
M4,3,100,100,0.973333,0.015275,0.960000,0.990000,0.982000,-0.008667,2.667,0.002162,0.000858,0,129.23
M5,3,100,100,1.000000,0.000000,1.000000,1.000000,0.994000,+0.006000,0.000,0.002409,0.001053,0,129.23
M6,3,100,100,0.990000,0.000000,0.990000,0.990000,0.976000,+0.014000,1.000,0.001786,0.000871,0,129.23
