requirement,n_train_images,n_generated_images,pass_rate,paper_lr_pass_rate,delta_vs_paper_lr,failure_count,nearest_train_mse_mean,nearest_train_mse_min,exact_train_matches,last_loss,train_seconds
M1,100,100,1.000000,0.999000,+0.001000,0,0.002413,0.001007,0,399.293527,46.40
M2,100,100,0.940000,0.977000,-0.037000,6,0.002527,0.001353,0,399.293527,46.40
M3,100,100,0.710000,0.724000,-0.014000,29,0.002296,0.001120,0,399.293527,46.40
M4,100,100,0.990000,0.982000,+0.008000,1,0.002522,0.001181,0,399.293527,46.40
M5,100,100,1.000000,0.994000,+0.006000,0,0.002721,0.001202,0,399.293527,46.40
M6,100,100,0.990000,0.976000,+0.014000,1,0.001959,0.000874,0,399.293527,46.40
