requirement,n_seeds,n_train_images,n_generated_images_per_seed,pass_rate_mean,pass_rate_std,pass_rate_min,pass_rate_max,paper_lr_pass_rate,delta_mean_vs_paper_lr,failure_count_mean,nearest_train_mse_mean,nearest_train_mse_min,exact_train_matches_total,train_seconds_total
M1,3,100,100,1.000000,0.000000,1.000000,1.000000,0.999000,+0.001000,0.000,0.001746,0.000810,0,355.20
M2,3,100,100,0.956667,0.035119,0.920000,0.990000,0.977000,-0.020333,4.333,0.002036,0.000623,0,355.20
M3,3,100,100,0.743333,0.116762,0.640000,0.870000,0.724000,+0.019333,25.667,0.001731,0.000634,0,355.20
M4,3,100,100,0.973333,0.015275,0.960000,0.990000,0.982000,-0.008667,2.667,0.002203,0.000811,0,355.20
M5,3,100,100,1.000000,0.000000,1.000000,1.000000,0.994000,+0.006000,0.000,0.002312,0.000742,0,355.20
M6,3,100,100,0.996667,0.005774,0.990000,1.000000,0.976000,+0.020667,0.333,0.001719,0.000874,0,355.20
