requirement,n_train_images,n_generated_images,pass_rate,paper_lr_pass_rate,delta_vs_paper_lr,failure_count,last_loss,train_seconds
M1,100,100,1.000000,0.999000,+0.001000,0,398.396298,50.74
M2,100,100,0.950000,0.977000,-0.027000,5,398.396298,50.74
M3,100,100,0.710000,0.724000,-0.014000,29,398.396298,50.74
M4,100,100,0.990000,0.982000,+0.008000,1,398.396298,50.74
M5,100,100,1.000000,0.994000,+0.006000,0,398.396298,50.74
M6,100,100,0.990000,0.976000,+0.014000,1,398.396298,50.74
